name,name_fr,sovereign,year,year_start,year_end
British Colonies,,Britain,1667,1667/01/01 00:00:00,1713-01-01T00:00:00.000
Claimed by Britain and France,,Disputed,1667,1667/01/01 00:00:00,1713-01-01T00:00:00.000
Claimed by Britain and France,,Disputed,1667,1667/01/01 00:00:00,1713-01-01T00:00:00.000
New France,,France,1667,1667/01/01 00:00:00,1713-01-01T00:00:00.000
Rupert's Land,,Hudsons Bay Company,1667,1667/01/01 00:00:00,1713-01-01T00:00:00.000
,,,1667,1667/01/01 00:00:00,1713-01-01T00:00:00.000
Greenland,,Denmark,1667,1667/01/01 00:00:00,1713-01-01T00:00:00.000
Iceland,,Denmark,1667,1667/01/01 00:00:00,1713-01-01T00:00:00.000
,,France,1667,1667/01/01 00:00:00,1713-01-01T00:00:00.000
Russia,,Russia,1667,1667/01/01 00:00:00,1713-01-01T00:00:00.000
Louisiana,,France,1667,1667/01/01 00:00:00,1713-01-01T00:00:00.000
British Colonies,,Britain,1713,1713/01/01 00:00:00,1763-01-01T00:00:00.000
Claimed by France and Britain,,Disputed,1713,1713/01/01 00:00:00,1763-01-01T00:00:00.000
Louisiana,,France,1713,1713/01/01 00:00:00,1763-01-01T00:00:00.000
Newfoundland,,Britain,1713,1713/01/01 00:00:00,1763-01-01T00:00:00.000
Nova Scotia,,Britain,1713,1713/01/01 00:00:00,1763-01-01T00:00:00.000
Rupert's Land,,Hudsons Bay Company,1713,1713/01/01 00:00:00,1763-01-01T00:00:00.000
,,,1713,1713/01/01 00:00:00,1763-01-01T00:00:00.000
New France,,France,1713,1713/01/01 00:00:00,1763-01-01T00:00:00.000
Russia,,Russia,1713,1713/01/01 00:00:00,1763-01-01T00:00:00.000
,,France,1713,1713/01/01 00:00:00,1763-01-01T00:00:00.000
Iceland,,Denmark,1713,1713/01/01 00:00:00,1763-01-01T00:00:00.000
Greenland,,Denmark,1713,1713/01/01 00:00:00,1763-01-01T00:00:00.000
Russia,,Russia,1763,1763/01/01 00:00:00,1769-01-01T00:00:00.000
,,France,1763,1763/01/01 00:00:00,1769-01-01T00:00:00.000
Iceland,,Denmark,1763,1763/01/01 00:00:00,1769-01-01T00:00:00.000
Greenland,,Denmark,1763,1763/01/01 00:00:00,1769-01-01T00:00:00.000
,,,1763,1763/01/01 00:00:00,1769-01-01T00:00:00.000
13 Colonies,,Britain,1763,1763/01/01 00:00:00,1769-01-01T00:00:00.000
Indian Territory,,Indigenous,1763,1763/01/01 00:00:00,1769-01-01T00:00:00.000
Louisiana,,Spain,1763,1763/01/01 00:00:00,1769-01-01T00:00:00.000
Newfoundland,,Britain,1763,1763/01/01 00:00:00,1769-01-01T00:00:00.000
Nova Scotia,,Britain,1763,1763/01/01 00:00:00,1769-01-01T00:00:00.000
Rupert's Land,,Hudsons Bay Company,1763,1763/01/01 00:00:00,1769-01-01T00:00:00.000
Québec,,Britain,1763,1763/01/01 00:00:00,1769-01-01T00:00:00.000
13 Colonies,,Britain,1769,1769/01/01 00:00:00,1774-01-01T00:00:00.000
Indian Territory,,Indigenous,1769,1769/01/01 00:00:00,1774-01-01T00:00:00.000
Louisiana,,Spain,1769,1769/01/01 00:00:00,1774-01-01T00:00:00.000
Newfoundland,,Britain,1769,1769/01/01 00:00:00,1774-01-01T00:00:00.000
Nova Scotia,,Britain,1769,1769/01/01 00:00:00,1774-01-01T00:00:00.000
Rupert's Land,,Hudsons Bay Company,1769,1769/01/01 00:00:00,1774-01-01T00:00:00.000
Saint John's Island,,Britain,1769,1769/01/01 00:00:00,1774-01-01T00:00:00.000
Québec,,Britain,1769,1769/01/01 00:00:00,1774-01-01T00:00:00.000
Russia,,Russia,1769,1769/01/01 00:00:00,1774-01-01T00:00:00.000
,,France,1769,1769/01/01 00:00:00,1774-01-01T00:00:00.000
Iceland,,Denmark,1769,1769/01/01 00:00:00,1774-01-01T00:00:00.000
Greenland,,Denmark,1769,1769/01/01 00:00:00,1774-01-01T00:00:00.000
,,,1769,1769/01/01 00:00:00,1774-01-01T00:00:00.000
13 Colonies,,Britain,1774,1774/01/01 00:00:00,1783-01-01T00:00:00.000
Indian Territory,,Indigenous,1774,1774/01/01 00:00:00,1783-01-01T00:00:00.000
Louisiana,,Spain,1774,1774/01/01 00:00:00,1783-01-01T00:00:00.000
Newfoundland,,Britain,1774,1774/01/01 00:00:00,1783-01-01T00:00:00.000
Québec,,Britain,1774,1774/01/01 00:00:00,1783-01-01T00:00:00.000
Rupert's Land,,Hudsons Bay Company,1774,1774/01/01 00:00:00,1783-01-01T00:00:00.000
Nova Scotia,,Britain,1774,1774/01/01 00:00:00,1783-01-01T00:00:00.000
Saint John's Island,,Britain,1774,1774/01/01 00:00:00,1783-01-01T00:00:00.000
Russia,,Russia,1774,1774/01/01 00:00:00,1783-01-01T00:00:00.000
,,France,1774,1774/01/01 00:00:00,1783-01-01T00:00:00.000
Iceland,,Denmark,1774,1774/01/01 00:00:00,1783-01-01T00:00:00.000
Greenland,,Denmark,1774,1774/01/01 00:00:00,1783-01-01T00:00:00.000
,,,1774,1774/01/01 00:00:00,1783-01-01T00:00:00.000
Louisiana,,Spain,1783,1783/01/01 00:00:00,1784-01-01T00:00:00.000
Newfoundland,,Britain,1783,1783/01/01 00:00:00,1784-01-01T00:00:00.000
Québec,,Britain,1783,1783/01/01 00:00:00,1784-01-01T00:00:00.000
Rupert's Land,,Hudsons Bay Company,1783,1783/01/01 00:00:00,1784-01-01T00:00:00.000
USA,,USA,1783,1783/01/01 00:00:00,1784-01-01T00:00:00.000
Saint John's Island,,Britain,1783,1783/01/01 00:00:00,1784-01-01T00:00:00.000
Nova Scotia,,Britain,1783,1783/01/01 00:00:00,1784-01-01T00:00:00.000
Russia,,Russia,1783,1783/01/01 00:00:00,1784-01-01T00:00:00.000
,,France,1783,1783/01/01 00:00:00,1784-01-01T00:00:00.000
Iceland,,Denmark,1783,1783/01/01 00:00:00,1784-01-01T00:00:00.000
Greenland,,Denmark,1783,1783/01/01 00:00:00,1784-01-01T00:00:00.000
,,,1783,1783/01/01 00:00:00,1784-01-01T00:00:00.000
Cape Breton,,Britain,1784,1784/01/01 00:00:00,1790-01-01T00:00:00.000
Louisiana,,Spain,1784,1784/01/01 00:00:00,1790-01-01T00:00:00.000
New Brunswick,,Britain,1784,1784/01/01 00:00:00,1790-01-01T00:00:00.000
Newfoundland,,Britain,1784,1784/01/01 00:00:00,1790-01-01T00:00:00.000
Nova Scotia,,Britain,1784,1784/01/01 00:00:00,1790-01-01T00:00:00.000
Québec,,Britain,1784,1784/01/01 00:00:00,1790-01-01T00:00:00.000
Rupert's Land,,Hudsons Bay Company,1784,1784/01/01 00:00:00,1790-01-01T00:00:00.000
Saint John's Island,,Britain,1784,1784/01/01 00:00:00,1790-01-01T00:00:00.000
USA,,USA,1784,1784/01/01 00:00:00,1790-01-01T00:00:00.000
Russia,,Russia,1784,1784/01/01 00:00:00,1790-01-01T00:00:00.000
,,France,1784,1784/01/01 00:00:00,1790-01-01T00:00:00.000
Iceland,,Denmark,1784,1784/01/01 00:00:00,1790-01-01T00:00:00.000
Greenland,,Denmark,1784,1784/01/01 00:00:00,1790-01-01T00:00:00.000
,,,1784,1784/01/01 00:00:00,1790-01-01T00:00:00.000
Alaska,,Russia,1784,1784/01/01 00:00:00,1790-01-01T00:00:00.000
Cape Breton,,Britain,1790,1790/01/01 00:00:00,1791-01-01T00:00:00.000
Louisiana,,Spain,1790,1790/01/01 00:00:00,1791-01-01T00:00:00.000
Newfoundland,,Britain,1790,1790/01/01 00:00:00,1791-01-01T00:00:00.000
Nova Scotia,,Britain,1790,1790/01/01 00:00:00,1791-01-01T00:00:00.000
Open to any country,,,1790,1790/01/01 00:00:00,1791-01-01T00:00:00.000
Rupert's Land,,Hudsons Bay Company,1790,1790/01/01 00:00:00,1791-01-01T00:00:00.000
Saint John Island,,Britain,1790,1790/01/01 00:00:00,1791-01-01T00:00:00.000
Russia,,Russia,1790,1790/01/01 00:00:00,1791-01-01T00:00:00.000
,,France,1790,1790/01/01 00:00:00,1791-01-01T00:00:00.000
Iceland,,Denmark,1790,1790/01/01 00:00:00,1791-01-01T00:00:00.000
Greenland,,Denmark,1790,1790/01/01 00:00:00,1791-01-01T00:00:00.000
Alaska,,Russia,1790,1790/01/01 00:00:00,1791-01-01T00:00:00.000
,,,1790,1790/01/01 00:00:00,1791-01-01T00:00:00.000
USA,,USA,1790,1790/01/01 00:00:00,1791-01-01T00:00:00.000
Québec,,Britain,1790,1790/01/01 00:00:00,1791-01-01T00:00:00.000
New Brunswick,,Britain,1790,1790/01/01 00:00:00,1791-01-01T00:00:00.000
Cape Breton,,Britain,1791,1791/01/01 00:00:00,1798-01-01T00:00:00.000
Louisiana,,Spain,1791,1791/01/01 00:00:00,1798-01-01T00:00:00.000
Newfoundland,,Britain,1791,1791/01/01 00:00:00,1798-01-01T00:00:00.000
Nova Scotia,,Britain,1791,1791/01/01 00:00:00,1798-01-01T00:00:00.000
Open to any country,,,1791,1791/01/01 00:00:00,1798-01-01T00:00:00.000
Rupert's Land,,Hudsons Bay Company,1791,1791/01/01 00:00:00,1798-01-01T00:00:00.000
Saint John Island,,Britain,1791,1791/01/01 00:00:00,1798-01-01T00:00:00.000
Upper Canada,,Britain,1791,1791/01/01 00:00:00,1798-01-01T00:00:00.000
Russia,,Russia,1791,1791/01/01 00:00:00,1798-01-01T00:00:00.000
,,France,1791,1791/01/01 00:00:00,1798-01-01T00:00:00.000
Iceland,,Denmark,1791,1791/01/01 00:00:00,1798-01-01T00:00:00.000
Greenland,,Denmark,1791,1791/01/01 00:00:00,1798-01-01T00:00:00.000
Alaska,,Russia,1791,1791/01/01 00:00:00,1798-01-01T00:00:00.000
,,,1791,1791/01/01 00:00:00,1798-01-01T00:00:00.000
New Brunswick,,Britain,1791,1791/01/01 00:00:00,1798-01-01T00:00:00.000
Lower Canada,,Britain,1791,1791/01/01 00:00:00,1798-01-01T00:00:00.000
USA,,USA,1791,1791/01/01 00:00:00,1798-01-01T00:00:00.000
Cape Breton,,Britain,1798,1798/01/01 00:00:00,1800-01-01T00:00:00.000
Louisiana,,Spain,1798,1798/01/01 00:00:00,1800-01-01T00:00:00.000
Newfoundland,,Britain,1798,1798/01/01 00:00:00,1800-01-01T00:00:00.000
Nova Scotia,,Britain,1798,1798/01/01 00:00:00,1800-01-01T00:00:00.000
Open to any country,,,1798,1798/01/01 00:00:00,1800-01-01T00:00:00.000
Rupert's Land,,Hudsons Bay Company,1798,1798/01/01 00:00:00,1800-01-01T00:00:00.000
Saint John Island,,Britain,1798,1798/01/01 00:00:00,1800-01-01T00:00:00.000
Upper Canada,,Britain,1798,1798/01/01 00:00:00,1800-01-01T00:00:00.000
Russia,,Russia,1798,1798/01/01 00:00:00,1800-01-01T00:00:00.000
,,France,1798,1798/01/01 00:00:00,1800-01-01T00:00:00.000
Iceland,,Denmark,1798,1798/01/01 00:00:00,1800-01-01T00:00:00.000
Greenland,,Denmark,1798,1798/01/01 00:00:00,1800-01-01T00:00:00.000
Alaska,,Russia,1798,1798/01/01 00:00:00,1800-01-01T00:00:00.000
,,,1798,1798/01/01 00:00:00,1800-01-01T00:00:00.000
Lower Canada,,Britain,1798,1798/01/01 00:00:00,1800-01-01T00:00:00.000
New Brunswick,,Britain,1798,1798/01/01 00:00:00,1800-01-01T00:00:00.000
USA,,USA,1798,1798/01/01 00:00:00,1800-01-01T00:00:00.000
Claimed by US and Britain,,Disputed,1798,1798/01/01 00:00:00,1800-01-01T00:00:00.000
Cape Breton,,Britain,1800,1800/01/01 00:00:00,1809-01-01T00:00:00.000
Claimed by US and Britain,,Disputed,1800,1800/01/01 00:00:00,1809-01-01T00:00:00.000
Louisiana,,Spain,1800,1800/01/01 00:00:00,1809-01-01T00:00:00.000
Lower Canada,,Britain,1800,1800/01/01 00:00:00,1809-01-01T00:00:00.000
New Brunswick,,Britain,1800,1800/01/01 00:00:00,1809-01-01T00:00:00.000
Newfoundland,,Britain,1800,1800/01/01 00:00:00,1809-01-01T00:00:00.000
Nova Scotia,,Britain,1800,1800/01/01 00:00:00,1809-01-01T00:00:00.000
PEI,,Britain,1800,1800/01/01 00:00:00,1809-01-01T00:00:00.000
USA,,USA,1800,1800/01/01 00:00:00,1809-01-01T00:00:00.000
,,,1800,1800/01/01 00:00:00,1809-01-01T00:00:00.000
Russia,,Russia,1800,1800/01/01 00:00:00,1809-01-01T00:00:00.000
,,France,1800,1800/01/01 00:00:00,1809-01-01T00:00:00.000
Iceland,,Denmark,1800,1800/01/01 00:00:00,1809-01-01T00:00:00.000
Greenland,,Denmark,1800,1800/01/01 00:00:00,1809-01-01T00:00:00.000
Alaska,,Russia,1800,1800/01/01 00:00:00,1809-01-01T00:00:00.000
Upper Canada,,Britain,1800,1800/01/01 00:00:00,1809-01-01T00:00:00.000
Claimed by Britain and USA,,Disputed,1800,1800/01/01 00:00:00,1809-01-01T00:00:00.000
Rupert's Land,,Hudsons Bay Company,1800,1800/01/01 00:00:00,1809-01-01T00:00:00.000
Claimed by Britain and Russia,,Disputed,1800,1800/01/01 00:00:00,1809-01-01T00:00:00.000
,,,1800,1800/01/01 00:00:00,1809-01-01T00:00:00.000
,,,1800,1800/01/01 00:00:00,1809-01-01T00:00:00.000
Cape Breton,,Britain,1809,1809/01/01 00:00:00,1818-01-01T00:00:00.000
Claimed by Britain and Russia,,Disputed,1809,1809/01/01 00:00:00,1818-01-01T00:00:00.000
Claimed by US and Britain,,Disputed,1809,1809/01/01 00:00:00,1818-01-01T00:00:00.000
Spanish Territory,,Spain,1809,1809/01/01 00:00:00,1818-01-01T00:00:00.000
Lower Canada,,Britain,1809,1809/01/01 00:00:00,1818-01-01T00:00:00.000
New Brunswick,,Britain,1809,1809/01/01 00:00:00,1818-01-01T00:00:00.000
Newfoundland,,Britain,1809,1809/01/01 00:00:00,1818-01-01T00:00:00.000
Nova Scotia,,Britain,1809,1809/01/01 00:00:00,1818-01-01T00:00:00.000
Claimed by Britain and USA,,Disputed,1809,1809/01/01 00:00:00,1818-01-01T00:00:00.000
PEI,,Britain,1809,1809/01/01 00:00:00,1818-01-01T00:00:00.000
Rupert's Land,,Hudsons Bay Company,1809,1809/01/01 00:00:00,1818-01-01T00:00:00.000
Upper Canada,,Britain,1809,1809/01/01 00:00:00,1818-01-01T00:00:00.000
USA,,USA,1809,1809/01/01 00:00:00,1818-01-01T00:00:00.000
Russia,,Russia,1809,1809/01/01 00:00:00,1818-01-01T00:00:00.000
,,France,1809,1809/01/01 00:00:00,1818-01-01T00:00:00.000
Iceland,,Denmark,1809,1809/01/01 00:00:00,1818-01-01T00:00:00.000
Greenland,,Denmark,1809,1809/01/01 00:00:00,1818-01-01T00:00:00.000
Alaska,,Russia,1809,1809/01/01 00:00:00,1818-01-01T00:00:00.000
,,,1809,1809/01/01 00:00:00,1818-01-01T00:00:00.000
,,,1809,1809/01/01 00:00:00,1818-01-01T00:00:00.000
,,,1809,1809/01/01 00:00:00,1818-01-01T00:00:00.000
Cape Breton,,Britain,1818,1818/01/01 00:00:00,1820-01-01T00:00:00.000
Claimed by Britain and Russia,,Disputed,1818,1818/01/01 00:00:00,1820-01-01T00:00:00.000
Claimed by US and Britain,,Disputed,1818,1818/01/01 00:00:00,1820-01-01T00:00:00.000
Lower Canada,,Britain,1818,1818/01/01 00:00:00,1820-01-01T00:00:00.000
New Brunswick,,Britain,1818,1818/01/01 00:00:00,1820-01-01T00:00:00.000
Newfoundland,,Britain,1818,1818/01/01 00:00:00,1820-01-01T00:00:00.000
Nova Scotia,,Britain,1818,1818/01/01 00:00:00,1820-01-01T00:00:00.000
Oregon Territory,,Disputed,1818,1818/01/01 00:00:00,1820-01-01T00:00:00.000
PEI,,Britain,1818,1818/01/01 00:00:00,1820-01-01T00:00:00.000
Rupert's Land,,Hudsons Bay Company,1818,1818/01/01 00:00:00,1820-01-01T00:00:00.000
Spanish Territory,,Spain,1818,1818/01/01 00:00:00,1820-01-01T00:00:00.000
Upper Canada,,Britain,1818,1818/01/01 00:00:00,1820-01-01T00:00:00.000
USA,,USA,1818,1818/01/01 00:00:00,1820-01-01T00:00:00.000
Russia,,Russia,1818,1818/01/01 00:00:00,1820-01-01T00:00:00.000
,,France,1818,1818/01/01 00:00:00,1820-01-01T00:00:00.000
Iceland,,Denmark,1818,1818/01/01 00:00:00,1820-01-01T00:00:00.000
Greenland,,Denmark,1818,1818/01/01 00:00:00,1820-01-01T00:00:00.000
Alaska,,Russia,1818,1818/01/01 00:00:00,1820-01-01T00:00:00.000
,,,1818,1818/01/01 00:00:00,1820-01-01T00:00:00.000
,,,1818,1818/01/01 00:00:00,1820-01-01T00:00:00.000
,,,1818,1818/01/01 00:00:00,1820-01-01T00:00:00.000
Claimed by Britain and Russia,,Disputed,1820,1820/01/01 00:00:00,1821-01-01T00:00:00.000
Claimed by US and Britain,,Disputed,1820,1820/01/01 00:00:00,1821-01-01T00:00:00.000
Lower Canada,,Britain,1820,1820/01/01 00:00:00,1821-01-01T00:00:00.000
New Brunswick,,Britain,1820,1820/01/01 00:00:00,1821-01-01T00:00:00.000
Newfoundland,,Britain,1820,1820/01/01 00:00:00,1821-01-01T00:00:00.000
Nova Scotia,,Britain,1820,1820/01/01 00:00:00,1821-01-01T00:00:00.000
Oregon Territory,,Disputed,1820,1820/01/01 00:00:00,1821-01-01T00:00:00.000
PEI,,Britain,1820,1820/01/01 00:00:00,1821-01-01T00:00:00.000
Rupert's Land,,Hudsons Bay Company,1820,1820/01/01 00:00:00,1821-01-01T00:00:00.000
Spanish Territory,,Spain,1820,1820/01/01 00:00:00,1821-01-01T00:00:00.000
Upper Canada,,Britain,1820,1820/01/01 00:00:00,1821-01-01T00:00:00.000
USA,,USA,1820,1820/01/01 00:00:00,1821-01-01T00:00:00.000
Russia,,Russia,1820,1820/01/01 00:00:00,1821-01-01T00:00:00.000
,,France,1820,1820/01/01 00:00:00,1821-01-01T00:00:00.000
Iceland,,Denmark,1820,1820/01/01 00:00:00,1821-01-01T00:00:00.000
Greenland,,Denmark,1820,1820/01/01 00:00:00,1821-01-01T00:00:00.000
Alaska,,Russia,1820,1820/01/01 00:00:00,1821-01-01T00:00:00.000
,,,1820,1820/01/01 00:00:00,1821-01-01T00:00:00.000
,,,1820,1820/01/01 00:00:00,1821-01-01T00:00:00.000
,,,1820,1820/01/01 00:00:00,1821-01-01T00:00:00.000
Claimed by Britain and Russia,,Disputed,1821,1821/01/01 00:00:00,1825-01-01T00:00:00.000
Claimed by US and Britain,,Disputed,1821,1821/01/01 00:00:00,1825-01-01T00:00:00.000
Lower Canada,,Britain,1821,1821/01/01 00:00:00,1825-01-01T00:00:00.000
New Brunswick,,Britain,1821,1821/01/01 00:00:00,1825-01-01T00:00:00.000
Newfoundland,,Britain,1821,1821/01/01 00:00:00,1825-01-01T00:00:00.000
Nova Scotia,,Britain,1821,1821/01/01 00:00:00,1825-01-01T00:00:00.000
Oregon Territory,,Disputed,1821,1821/01/01 00:00:00,1825-01-01T00:00:00.000
PEI,,Britain,1821,1821/01/01 00:00:00,1825-01-01T00:00:00.000
Rupert's Land,,Hudsons Bay Company,1821,1821/01/01 00:00:00,1825-01-01T00:00:00.000
Spanish Territory,,Spain,1821,1821/01/01 00:00:00,1825-01-01T00:00:00.000
Upper Canada,,Britain,1821,1821/01/01 00:00:00,1825-01-01T00:00:00.000
USA,,USA,1821,1821/01/01 00:00:00,1825-01-01T00:00:00.000
Russia,,Russia,1821,1821/01/01 00:00:00,1825-01-01T00:00:00.000
,,France,1821,1821/01/01 00:00:00,1825-01-01T00:00:00.000
Iceland,,Denmark,1821,1821/01/01 00:00:00,1825-01-01T00:00:00.000
Greenland,,Denmark,1821,1821/01/01 00:00:00,1825-01-01T00:00:00.000
Alaska,,Russia,1821,1821/01/01 00:00:00,1825-01-01T00:00:00.000
Northwestern Territory,,Canada,1821,1821/01/01 00:00:00,1825-01-01T00:00:00.000
,,,1821,1821/01/01 00:00:00,1825-01-01T00:00:00.000
,,,1821,1821/01/01 00:00:00,1825-01-01T00:00:00.000
Alaska,,Russia,1825,1825/01/01 00:00:00,1840-01-01T00:00:00.000
Lower Canada,,Britain,1825,1825/01/01 00:00:00,1840-01-01T00:00:00.000
Mexico,,Mexico,1825,1825/01/01 00:00:00,1840-01-01T00:00:00.000
New Brunswick,,Britain,1825,1825/01/01 00:00:00,1840-01-01T00:00:00.000
Newfoundland,,Britain,1825,1825/01/01 00:00:00,1840-01-01T00:00:00.000
Nova Scotia,,Britain,1825,1825/01/01 00:00:00,1840-01-01T00:00:00.000
PEI,,Britain,1825,1825/01/01 00:00:00,1840-01-01T00:00:00.000
Rupert's Land,,Hudsons Bay Company,1825,1825/01/01 00:00:00,1840-01-01T00:00:00.000
Upper Canada,,Britain,1825,1825/01/01 00:00:00,1840-01-01T00:00:00.000
USA,,USA,1825,1825/01/01 00:00:00,1840-01-01T00:00:00.000
Oregon Territory,,Disputed,1825,1825/01/01 00:00:00,1840-01-01T00:00:00.000
Russia,,Russia,1825,1825/01/01 00:00:00,1840-01-01T00:00:00.000
,,France,1825,1825/01/01 00:00:00,1840-01-01T00:00:00.000
Iceland,,Denmark,1825,1825/01/01 00:00:00,1840-01-01T00:00:00.000
Greenland,,Denmark,1825,1825/01/01 00:00:00,1840-01-01T00:00:00.000
Claimed by US and Britain,,Disputed,1825,1825/01/01 00:00:00,1840-01-01T00:00:00.000
Northwestern Territory,,Hudsons Bay Company,1825,1825/01/01 00:00:00,1840-01-01T00:00:00.000
Unknown,,,1825,1825/01/01 00:00:00,1840-01-01T00:00:00.000
Northern Islands,,Britain,1825,1825/01/01 00:00:00,1840-01-01T00:00:00.000
Alaska,,Russia,1840,1840/01/01 00:00:00,1842-01-01T00:00:00.000
Canada East,,Britain,1840,1840/01/01 00:00:00,1842-01-01T00:00:00.000
Mexico,,Mexico,1840,1840/01/01 00:00:00,1842-01-01T00:00:00.000
New Brunswick,,Britain,1840,1840/01/01 00:00:00,1842-01-01T00:00:00.000
Newfoundland,,Britain,1840,1840/01/01 00:00:00,1842-01-01T00:00:00.000
Nova Scotia,,Britain,1840,1840/01/01 00:00:00,1842-01-01T00:00:00.000
PEI,,Britain,1840,1840/01/01 00:00:00,1842-01-01T00:00:00.000
Rupert's Land,,Hudsons Bay Company,1840,1840/01/01 00:00:00,1842-01-01T00:00:00.000
Canada West,,Britain,1840,1840/01/01 00:00:00,1842-01-01T00:00:00.000
USA,,USA,1840,1840/01/01 00:00:00,1842-01-01T00:00:00.000
Oregon Territory,,Disputed,1840,1840/01/01 00:00:00,1842-01-01T00:00:00.000
Northwestern Territory,,Hudsons Bay Company,1840,1840/01/01 00:00:00,1842-01-01T00:00:00.000
Unknown,,,1840,1840/01/01 00:00:00,1842-01-01T00:00:00.000
Northern Islands,,Britain,1840,1840/01/01 00:00:00,1842-01-01T00:00:00.000
Claimed by US and Britain,,Disputed,1840,1840/01/01 00:00:00,1842-01-01T00:00:00.000
Russia,,Russia,1840,1840/01/01 00:00:00,1842-01-01T00:00:00.000
,,France,1840,1840/01/01 00:00:00,1842-01-01T00:00:00.000
Iceland,,Denmark,1840,1840/01/01 00:00:00,1842-01-01T00:00:00.000
Greenland,,Denmark,1840,1840/01/01 00:00:00,1842-01-01T00:00:00.000
New Brunswick,,Britain,1842,1842/01/01 00:00:00,1846-01-01T00:00:00.000
Newfoundland,,Britain,1842,1842/01/01 00:00:00,1846-01-01T00:00:00.000
Nova Scotia,,Britain,1842,1842/01/01 00:00:00,1846-01-01T00:00:00.000
Canada West,,Britain,1842,1842/01/01 00:00:00,1846-01-01T00:00:00.000
PEI,,Britain,1842,1842/01/01 00:00:00,1846-01-01T00:00:00.000
Rupert's Land,,Hudsons Bay Company,1842,1842/01/01 00:00:00,1846-01-01T00:00:00.000
Canada East,,Britain,1842,1842/01/01 00:00:00,1846-01-01T00:00:00.000
Alaska,,Russia,1842,1842/01/01 00:00:00,1846-01-01T00:00:00.000
Oregon Territory,,Disputed,1842,1842/01/01 00:00:00,1846-01-01T00:00:00.000
USA,,USA,1842,1842/01/01 00:00:00,1846-01-01T00:00:00.000
Mexico,,Mexico,1842,1842/01/01 00:00:00,1846-01-01T00:00:00.000
Northwestern Territory,,Hudsons Bay Company,1842,1842/01/01 00:00:00,1846-01-01T00:00:00.000
Russia,,Russia,1842,1842/01/01 00:00:00,1846-01-01T00:00:00.000
,,France,1842,1842/01/01 00:00:00,1846-01-01T00:00:00.000
Iceland,,Denmark,1842,1842/01/01 00:00:00,1846-01-01T00:00:00.000
Greenland,,Denmark,1842,1842/01/01 00:00:00,1846-01-01T00:00:00.000
Unknown,,,1842,1842/01/01 00:00:00,1846-01-01T00:00:00.000
Northern Islands,,Britain,1842,1842/01/01 00:00:00,1846-01-01T00:00:00.000
New Brunswick,,Britain,1846,1846/01/01 00:00:00,1849-01-01T00:00:00.000
Newfoundland,,Britain,1846,1846/01/01 00:00:00,1849-01-01T00:00:00.000
Nova Scotia,,Britain,1846,1846/01/01 00:00:00,1849-01-01T00:00:00.000
Canada West,,Britain,1846,1846/01/01 00:00:00,1849-01-01T00:00:00.000
PEI,,Britain,1846,1846/01/01 00:00:00,1849-01-01T00:00:00.000
Rupert's Land,,Hudsons Bay Company,1846,1846/01/01 00:00:00,1849-01-01T00:00:00.000
Canada East,,Britain,1846,1846/01/01 00:00:00,1849-01-01T00:00:00.000
USA,,USA,1846,1846/01/01 00:00:00,1849-01-01T00:00:00.000
Alaska,,Russia,1846,1846/01/01 00:00:00,1849-01-01T00:00:00.000
New Caledonia,,Britain,1846,1846/01/01 00:00:00,1849-01-01T00:00:00.000
Northwestern Territory,,Hudsons Bay Company,1846,1846/01/01 00:00:00,1849-01-01T00:00:00.000
Russia,,Russia,1846,1846/01/01 00:00:00,1849-01-01T00:00:00.000
,,France,1846,1846/01/01 00:00:00,1849-01-01T00:00:00.000
Iceland,,Denmark,1846,1846/01/01 00:00:00,1849-01-01T00:00:00.000
Greenland,,Denmark,1846,1846/01/01 00:00:00,1849-01-01T00:00:00.000
Unknown,,,1846,1846/01/01 00:00:00,1849-01-01T00:00:00.000
Northern Islands,,Britain,1846,1846/01/01 00:00:00,1849-01-01T00:00:00.000
New Brunswick,,Britain,1849,1849/01/01 00:00:00,1858-01-01T00:00:00.000
Newfoundland,,Britain,1849,1849/01/01 00:00:00,1858-01-01T00:00:00.000
Nova Scotia,,Britain,1849,1849/01/01 00:00:00,1858-01-01T00:00:00.000
Canada West,,Britain,1849,1849/01/01 00:00:00,1858-01-01T00:00:00.000
PEI,,Britain,1849,1849/01/01 00:00:00,1858-01-01T00:00:00.000
Rupert's Land,,Hudsons Bay Company,1849,1849/01/01 00:00:00,1858-01-01T00:00:00.000
Canada East,,Britain,1849,1849/01/01 00:00:00,1858-01-01T00:00:00.000
Vancouver`s Island,,Britain,1849,1849/01/01 00:00:00,1858-01-01T00:00:00.000
USA,,USA,1849,1849/01/01 00:00:00,1858-01-01T00:00:00.000
Alaska,,Russia,1849,1849/01/01 00:00:00,1858-01-01T00:00:00.000
New Caledonia,,Britain,1849,1849/01/01 00:00:00,1858-01-01T00:00:00.000
Northwestern Territory,,Hudsons Bay Company,1849,1849/01/01 00:00:00,1858-01-01T00:00:00.000
Unknown,,,1849,1849/01/01 00:00:00,1858-01-01T00:00:00.000
Northern Islands,,Britain,1849,1849/01/01 00:00:00,1858-01-01T00:00:00.000
Russia,,Russia,1849,1849/01/01 00:00:00,1858-01-01T00:00:00.000
,,France,1849,1849/01/01 00:00:00,1858-01-01T00:00:00.000
Iceland,,Denmark,1849,1849/01/01 00:00:00,1858-01-01T00:00:00.000
Greenland,,Denmark,1849,1849/01/01 00:00:00,1858-01-01T00:00:00.000
New Brunswick,,Britain,1858,1858/01/01 00:00:00,1859-01-01T00:00:00.000
Newfoundland,,Britain,1858,1858/01/01 00:00:00,1859-01-01T00:00:00.000
Nova Scotia,,Britain,1858,1858/01/01 00:00:00,1859-01-01T00:00:00.000
Canada West,,Britain,1858,1858/01/01 00:00:00,1859-01-01T00:00:00.000
PEI,,Britain,1858,1858/01/01 00:00:00,1859-01-01T00:00:00.000
Rupert's Land,,Hudsons Bay Company,1858,1858/01/01 00:00:00,1859-01-01T00:00:00.000
Canada East,,Britain,1858,1858/01/01 00:00:00,1859-01-01T00:00:00.000
Vancouver`s Island,,Britain,1858,1858/01/01 00:00:00,1859-01-01T00:00:00.000
USA,,USA,1858,1858/01/01 00:00:00,1859-01-01T00:00:00.000
Alaska,,Russia,1858,1858/01/01 00:00:00,1859-01-01T00:00:00.000
British Columbia,,Britain,1858,1858/01/01 00:00:00,1859-01-01T00:00:00.000
Northwestern Territory,,Hudsons Bay Company,1858,1858/01/01 00:00:00,1859-01-01T00:00:00.000
Russia,,Russia,1858,1858/01/01 00:00:00,1859-01-01T00:00:00.000
,,France,1858,1858/01/01 00:00:00,1859-01-01T00:00:00.000
Iceland,,Denmark,1858,1858/01/01 00:00:00,1859-01-01T00:00:00.000
Greenland,,Denmark,1858,1858/01/01 00:00:00,1859-01-01T00:00:00.000
Unknown,,,1858,1858/01/01 00:00:00,1859-01-01T00:00:00.000
Northern Islands,,Britain,1858,1858/01/01 00:00:00,1859-01-01T00:00:00.000
New Brunswick,,Britain,1859,1859/01/01 00:00:00,1862-01-01T00:00:00.000
Newfoundland,,Britain,1859,1859/01/01 00:00:00,1862-01-01T00:00:00.000
Nova Scotia,,Britain,1859,1859/01/01 00:00:00,1862-01-01T00:00:00.000
Canada West,,Britain,1859,1859/01/01 00:00:00,1862-01-01T00:00:00.000
PEI,,Britain,1859,1859/01/01 00:00:00,1862-01-01T00:00:00.000
Rupert's Land,,Hudsons Bay Company,1859,1859/01/01 00:00:00,1862-01-01T00:00:00.000
Canada East,,Britain,1859,1859/01/01 00:00:00,1862-01-01T00:00:00.000
Vancouver`s Island,,Britain,1859,1859/01/01 00:00:00,1862-01-01T00:00:00.000
USA,,USA,1859,1859/01/01 00:00:00,1862-01-01T00:00:00.000
Alaska,,Russia,1859,1859/01/01 00:00:00,1862-01-01T00:00:00.000
British Columbia,,Britain,1859,1859/01/01 00:00:00,1862-01-01T00:00:00.000
Northwestern Territory,,Hudsons Bay Company,1859,1859/01/01 00:00:00,1862-01-01T00:00:00.000
Arctic Islands,,Britain,1859,1859/01/01 00:00:00,1862-01-01T00:00:00.000
Russia,,Russia,1859,1859/01/01 00:00:00,1862-01-01T00:00:00.000
,,France,1859,1859/01/01 00:00:00,1862-01-01T00:00:00.000
Iceland,,Denmark,1859,1859/01/01 00:00:00,1862-01-01T00:00:00.000
Greenland,,Denmark,1859,1859/01/01 00:00:00,1862-01-01T00:00:00.000
New Brunswick,,Britain,1862,1862/01/01 00:00:00,1863-01-01T00:00:00.000
Newfoundland,,Britain,1862,1862/01/01 00:00:00,1863-01-01T00:00:00.000
Nova Scotia,,Britain,1862,1862/01/01 00:00:00,1863-01-01T00:00:00.000
Canada West,,Britain,1862,1862/01/01 00:00:00,1863-01-01T00:00:00.000
PEI,,Britain,1862,1862/01/01 00:00:00,1863-01-01T00:00:00.000
Rupert's Land,,Hudsons Bay Company,1862,1862/01/01 00:00:00,1863-01-01T00:00:00.000
Canada East,,Britain,1862,1862/01/01 00:00:00,1863-01-01T00:00:00.000
Stickeen Territory,,Britain,1862,1862/01/01 00:00:00,1863-01-01T00:00:00.000
Vancouver`s Island,,Britain,1862,1862/01/01 00:00:00,1863-01-01T00:00:00.000
USA,,USA,1862,1862/01/01 00:00:00,1863-01-01T00:00:00.000
Alaska,,Russia,1862,1862/01/01 00:00:00,1863-01-01T00:00:00.000
British Columbia,,Britain,1862,1862/01/01 00:00:00,1863-01-01T00:00:00.000
Northwestern Territory,,Hudsons Bay Company,1862,1862/01/01 00:00:00,1863-01-01T00:00:00.000
Russia,,Russia,1862,1862/01/01 00:00:00,1863-01-01T00:00:00.000
,,France,1862,1862/01/01 00:00:00,1863-01-01T00:00:00.000
Iceland,,Denmark,1862,1862/01/01 00:00:00,1863-01-01T00:00:00.000
Greenland,,Denmark,1862,1862/01/01 00:00:00,1863-01-01T00:00:00.000
Arctic Islands,,Britain,1862,1862/01/01 00:00:00,1863-01-01T00:00:00.000
Alaska,,Russia,1863,1863/01/01 00:00:00,1866-01-01T00:00:00.000
British Columbia,,Britain,1863,1863/01/01 00:00:00,1866-01-01T00:00:00.000
Canada East,,Britain,1863,1863/01/01 00:00:00,1866-01-01T00:00:00.000
Canada West,,Britain,1863,1863/01/01 00:00:00,1866-01-01T00:00:00.000
New Brunswick,,Britain,1863,1863/01/01 00:00:00,1866-01-01T00:00:00.000
Newfoundland,,Britain,1863,1863/01/01 00:00:00,1866-01-01T00:00:00.000
Nova Scotia,,Britain,1863,1863/01/01 00:00:00,1866-01-01T00:00:00.000
PEI,,Britain,1863,1863/01/01 00:00:00,1866-01-01T00:00:00.000
Rupert's Land,,Hudsons Bay Company,1863,1863/01/01 00:00:00,1866-01-01T00:00:00.000
USA,,USA,1863,1863/01/01 00:00:00,1866-01-01T00:00:00.000
Vancouver`s Island,,Britain,1863,1863/01/01 00:00:00,1866-01-01T00:00:00.000
Arctic Islands,,Britain,1863,1863/01/01 00:00:00,1866-01-01T00:00:00.000
Russia,,Russia,1863,1863/01/01 00:00:00,1866-01-01T00:00:00.000
,,France,1863,1863/01/01 00:00:00,1866-01-01T00:00:00.000
Iceland,,Denmark,1863,1863/01/01 00:00:00,1866-01-01T00:00:00.000
Greenland,,Denmark,1863,1863/01/01 00:00:00,1866-01-01T00:00:00.000
Northwestern Territory,,Hudsons Bay Company,1863,1863/01/01 00:00:00,1866-01-01T00:00:00.000
Alaska,,Russia,1866,1866/01/01 00:00:00,1867-01-01T00:00:00.000
British Columbia,,Britain,1866,1866/01/01 00:00:00,1867-01-01T00:00:00.000
Canada East,,Britain,1866,1866/01/01 00:00:00,1867-01-01T00:00:00.000
Canada West,,Britain,1866,1866/01/01 00:00:00,1867-01-01T00:00:00.000
New Brunswick,,Britain,1866,1866/01/01 00:00:00,1867-01-01T00:00:00.000
Newfoundland,,Britain,1866,1866/01/01 00:00:00,1867-01-01T00:00:00.000
Nova Scotia,,Britain,1866,1866/01/01 00:00:00,1867-01-01T00:00:00.000
PEI,,Britain,1866,1866/01/01 00:00:00,1867-01-01T00:00:00.000
Rupert's Land,,Hudsons Bay Company,1866,1866/01/01 00:00:00,1867-01-01T00:00:00.000
USA,,USA,1866,1866/01/01 00:00:00,1867-01-01T00:00:00.000
Russia,,Russia,1866,1866/01/01 00:00:00,1867-01-01T00:00:00.000
,,France,1866,1866/01/01 00:00:00,1867-01-01T00:00:00.000
Iceland,,Denmark,1866,1866/01/01 00:00:00,1867-01-01T00:00:00.000
Greenland,,Denmark,1866,1866/01/01 00:00:00,1867-01-01T00:00:00.000
Northwestern Territory,,Hudsons Bay Company,1866,1866/01/01 00:00:00,1867-01-01T00:00:00.000
Arctic Islands,,Britain,1866,1866/01/01 00:00:00,1867-01-01T00:00:00.000
British Columbia,Colombie-Britannique,Britain,1867,1867/01/01 00:00:00,1870-01-01T00:00:00.000
New Brunswick,Nouveau-Brunswick,Canada,1867,1867/01/01 00:00:00,1870-01-01T00:00:00.000
Newfoundland,Terre-Neuve,Britain,1867,1867/01/01 00:00:00,1870-01-01T00:00:00.000
Nova Scotia,Nouvelle-Écosse,Canada,1867,1867/01/01 00:00:00,1870-01-01T00:00:00.000
Ontario,Ontario,Canada,1867,1867/01/01 00:00:00,1870-01-01T00:00:00.000
PEI,île-du-Prince-Édouard,Britain,1867,1867/01/01 00:00:00,1870-01-01T00:00:00.000
Rupert's Land,Terre de Rupert,Hudsons Bay Company,1867,1867/01/01 00:00:00,1870-01-01T00:00:00.000
Québec,Québec,Canada,1867,1867/01/01 00:00:00,1870-01-01T00:00:00.000
Northwestern Territory,Territoires du Nord-Ouest,Hudsons Bay Company,1867,1867/01/01 00:00:00,1870-01-01T00:00:00.000
Arctic Islands,,Britain,1867,1867/01/01 00:00:00,1870-01-01T00:00:00.000
USA,,USA,1867,1867/01/01 00:00:00,1870-01-01T00:00:00.000
USA,,USA,1867,1867/01/01 00:00:00,1870-01-01T00:00:00.000
Russia,,Russia,1867,1867/01/01 00:00:00,1870-01-01T00:00:00.000
Greenland,,Denmark,1867,1867/01/01 00:00:00,1870-01-01T00:00:00.000
Iceland,,Denmark,1867,1867/01/01 00:00:00,1870-01-01T00:00:00.000
British Columbia,Colombie-Britannique,Britain,1870,1870/01/01 00:00:00,1871-01-01T00:00:00.000
PEI,île-du-Prince-Édouard,Britain,1870,1870/01/01 00:00:00,1871-01-01T00:00:00.000
Arctic Islands,îles de l'Arctique,Britain,1870,1870/01/01 00:00:00,1871-01-01T00:00:00.000
Manitoba,Manitoba,Canada,1870,1870/01/01 00:00:00,1871-01-01T00:00:00.000
New Brunswick,Nouveau-Brunswick,Canada,1870,1870/01/01 00:00:00,1871-01-01T00:00:00.000
Nova Scotia,Nouvelle-Écosse,Canada,1870,1870/01/01 00:00:00,1871-01-01T00:00:00.000
Ontario,Ontario,Canada,1870,1870/01/01 00:00:00,1871-01-01T00:00:00.000
Quebec,Québec,Canada,1870,1870/01/01 00:00:00,1871-01-01T00:00:00.000
Newfoundland,Terre-Neuve,Britain,1870,1870/01/01 00:00:00,1871-01-01T00:00:00.000
North-West Territories,Territoires du Nord-Ouest,Canada,1870,1870/01/01 00:00:00,1871-01-01T00:00:00.000
USA,,USA,1870,1870/01/01 00:00:00,1871-01-01T00:00:00.000
USA,,USA,1870,1870/01/01 00:00:00,1871-01-01T00:00:00.000
Russia,,Russia,1870,1870/01/01 00:00:00,1871-01-01T00:00:00.000
Greenland,,Denmark,1870,1870/01/01 00:00:00,1871-01-01T00:00:00.000
Iceland,,Denmark,1870,1870/01/01 00:00:00,1871-01-01T00:00:00.000
British Columbia,Colombie-Britannique,Canada,1871,1871/01/01 00:00:00,1873-01-01T00:00:00.000
PEI,île-du-Prince-Édouard,Britain,1871,1871/01/01 00:00:00,1873-01-01T00:00:00.000
Arctic Islands,îles de l'Arctique,Britain,1871,1871/01/01 00:00:00,1873-01-01T00:00:00.000
Manitoba,Manitoba,Canada,1871,1871/01/01 00:00:00,1873-01-01T00:00:00.000
New Brunswick,Nouveau-Brunswick,Canada,1871,1871/01/01 00:00:00,1873-01-01T00:00:00.000
Nova Scotia,Nouvelle-Écosse,Canada,1871,1871/01/01 00:00:00,1873-01-01T00:00:00.000
Ontario,Ontario,Canada,1871,1871/01/01 00:00:00,1873-01-01T00:00:00.000
Quebec,Québec,Canada,1871,1871/01/01 00:00:00,1873-01-01T00:00:00.000
Newfoundland,Terre-Neuve,Britain,1871,1871/01/01 00:00:00,1873-01-01T00:00:00.000
North-West Territories,Territoires du Nord-Ouest,Canada,1871,1871/01/01 00:00:00,1873-01-01T00:00:00.000
USA,,USA,1871,1871/01/01 00:00:00,1873-01-01T00:00:00.000
Russia,,Russia,1871,1871/01/01 00:00:00,1873-01-01T00:00:00.000
Greenland,,Denmark,1871,1871/01/01 00:00:00,1873-01-01T00:00:00.000
Iceland,,Denmark,1871,1871/01/01 00:00:00,1873-01-01T00:00:00.000
USA,,USA,1871,1871/01/01 00:00:00,1873-01-01T00:00:00.000
Manitoba,Manitoba,Canada,1873,1873/01/01 00:00:00,1874-01-01T00:00:00.000
British Columbia,Colombie-Britannique,Canada,1873,1873/01/01 00:00:00,1874-01-01T00:00:00.000
USA,,USA,1873,1873/01/01 00:00:00,1874-01-01T00:00:00.000
Russia,,Russia,1873,1873/01/01 00:00:00,1874-01-01T00:00:00.000
Greenland,,Denmark,1873,1873/01/01 00:00:00,1874-01-01T00:00:00.000
Iceland,,Denmark,1873,1873/01/01 00:00:00,1874-01-01T00:00:00.000
USA,,USA,1873,1873/01/01 00:00:00,1874-01-01T00:00:00.000
PEI,île-du-Prince-Édouard,Canada,1873,1873/01/01 00:00:00,1874-01-01T00:00:00.000
Arctic Islands,îles de l'Arctique,Britain,1873,1873/01/01 00:00:00,1874-01-01T00:00:00.000
New Brunswick,Nouveau-Brunswick,Canada,1873,1873/01/01 00:00:00,1874-01-01T00:00:00.000
Nova Scotia,Nouvelle-Écosse,Canada,1873,1873/01/01 00:00:00,1874-01-01T00:00:00.000
Ontario,Ontario,Canada,1873,1873/01/01 00:00:00,1874-01-01T00:00:00.000
Québec,Québec,Canada,1873,1873/01/01 00:00:00,1874-01-01T00:00:00.000
Newfoundland,Terre-Neuve,Britain,1873,1873/01/01 00:00:00,1874-01-01T00:00:00.000
North-West Territories,Territoires du Nord-Ouest,Canada,1873,1873/01/01 00:00:00,1874-01-01T00:00:00.000
British Columbia,Colombie-Britannique,Canada,1874,1874/01/01 00:00:00,1876-01-01T00:00:00.000
PEI,île-du-Prince-Édouard,Canada,1874,1874/01/01 00:00:00,1876-01-01T00:00:00.000
Arctic Islands,îles de l'Arctique,Britain,1874,1874/01/01 00:00:00,1876-01-01T00:00:00.000
Manitoba,Manitoba,Canada,1874,1874/01/01 00:00:00,1876-01-01T00:00:00.000
New Brunswick,Nouveau-Brunswick,Canada,1874,1874/01/01 00:00:00,1876-01-01T00:00:00.000
Nova Scotia,Nouvelle-Écosse,Canada,1874,1874/01/01 00:00:00,1876-01-01T00:00:00.000
Ontario,Ontario,Canada,1874,1874/01/01 00:00:00,1876-01-01T00:00:00.000
Québec,Québec,Canada,1874,1874/01/01 00:00:00,1876-01-01T00:00:00.000
Newfoundland,Terre-Neuve,Britain,1874,1874/01/01 00:00:00,1876-01-01T00:00:00.000
North-West Territories,Territoires du Nord-Ouest,Canada,1874,1874/01/01 00:00:00,1876-01-01T00:00:00.000
USA,,USA,1874,1874/01/01 00:00:00,1876-01-01T00:00:00.000
Russia,,Russia,1874,1874/01/01 00:00:00,1876-01-01T00:00:00.000
Greenland,,Denmark,1874,1874/01/01 00:00:00,1876-01-01T00:00:00.000
Iceland,,Denmark,1874,1874/01/01 00:00:00,1876-01-01T00:00:00.000
USA,,USA,1874,1874/01/01 00:00:00,1876-01-01T00:00:00.000
British Columbia,Colombie-Britannique,Canada,1876,1876/01/01 00:00:00,1880-01-01T00:00:00.000
District of Keewatin,District de Keewatin,Canada,1876,1876/01/01 00:00:00,1880-01-01T00:00:00.000
PEI,île-du-Prince-Édouard,Canada,1876,1876/01/01 00:00:00,1880-01-01T00:00:00.000
Arctic Islands,îles de l'Arctique,Britain,1876,1876/01/01 00:00:00,1880-01-01T00:00:00.000
Manitoba,Manitoba,Canada,1876,1876/01/01 00:00:00,1880-01-01T00:00:00.000
New Brunswick,Nouveau-Brunswick,Canada,1876,1876/01/01 00:00:00,1880-01-01T00:00:00.000
Nova Scotia,Nouvelle-Écosse,Canada,1876,1876/01/01 00:00:00,1880-01-01T00:00:00.000
Ontario,Ontario,Canada,1876,1876/01/01 00:00:00,1880-01-01T00:00:00.000
Quebec,Québec,Canada,1876,1876/01/01 00:00:00,1880-01-01T00:00:00.000
Newfoundland,Terre-Neuve,Britain,1876,1876/01/01 00:00:00,1880-01-01T00:00:00.000
NorthWest Territories,Territoires du Nord-Ouest,Canada,1876,1876/01/01 00:00:00,1880-01-01T00:00:00.000
North-West Territories,,Canada,1876,1876/01/01 00:00:00,1880-01-01T00:00:00.000
USA,,USA,1876,1876/01/01 00:00:00,1880-01-01T00:00:00.000
Russia,,Russia,1876,1876/01/01 00:00:00,1880-01-01T00:00:00.000
Greenland,,Denmark,1876,1876/01/01 00:00:00,1880-01-01T00:00:00.000
Iceland,,Denmark,1876,1876/01/01 00:00:00,1880-01-01T00:00:00.000
USA,,USA,1876,1876/01/01 00:00:00,1880-01-01T00:00:00.000
District of Keewatin,District de Keewatin,Canada,1880,1880/01/01 00:00:00,1881-01-01T00:00:00.000
Manitoba,Manitoba,Canada,1880,1880/01/01 00:00:00,1881-01-01T00:00:00.000
British Columbia,Colombie-Britannique,Canada,1880,1880/01/01 00:00:00,1881-01-01T00:00:00.000
PEI,île-du-Prince-Édouard,Canada,1880,1880/01/01 00:00:00,1881-01-01T00:00:00.000
New Brunswick,Nouveau-Brunswick,Canada,1880,1880/01/01 00:00:00,1881-01-01T00:00:00.000
Nova Scotia,Nouvelle-Écosse,Canada,1880,1880/01/01 00:00:00,1881-01-01T00:00:00.000
Ontario,Ontario,Canada,1880,1880/01/01 00:00:00,1881-01-01T00:00:00.000
Quebec,Québec,Canada,1880,1880/01/01 00:00:00,1881-01-01T00:00:00.000
Newfoundland,Terre-Neuve,Britain,1880,1880/01/01 00:00:00,1881-01-01T00:00:00.000
North-West Territories,Territoires du Nord-Ouest,Canada,1880,1880/01/01 00:00:00,1881-01-01T00:00:00.000
NorthWest Territories,Territoires du Nord-Ouest,Canada,1880,1880/01/01 00:00:00,1881-01-01T00:00:00.000
USA,,USA,1880,1880/01/01 00:00:00,1881-01-01T00:00:00.000
Russia,,Russia,1880,1880/01/01 00:00:00,1881-01-01T00:00:00.000
Greenland,,Denmark,1880,1880/01/01 00:00:00,1881-01-01T00:00:00.000
Iceland,,Denmark,1880,1880/01/01 00:00:00,1881-01-01T00:00:00.000
USA,,USA,1880,1880/01/01 00:00:00,1881-01-01T00:00:00.000
British Columbia,Colombie-Britannique,Canada,1881,1881/01/01 00:00:00,1882-01-01T00:00:00.000
District of Keewatin,District de Keewatin,Canada,1881,1881/01/01 00:00:00,1882-01-01T00:00:00.000
PEI,île-du-Prince-Édouard,Canada,1881,1881/01/01 00:00:00,1882-01-01T00:00:00.000
Manitoba,Manitoba,Canada,1881,1881/01/01 00:00:00,1882-01-01T00:00:00.000
New Brunswick,Nouveau-Brunswick,Canada,1881,1881/01/01 00:00:00,1882-01-01T00:00:00.000
Nova Scotia,Nouvelle-Écosse,Canada,1881,1881/01/01 00:00:00,1882-01-01T00:00:00.000
Ontario,Ontario,Canada,1881,1881/01/01 00:00:00,1882-01-01T00:00:00.000
Quebec,Québec,Canada,1881,1881/01/01 00:00:00,1882-01-01T00:00:00.000
Newfoundland,Terre-Neuve,Britain,1881,1881/01/01 00:00:00,1882-01-01T00:00:00.000
North-West Territories,Territoires du Nord-Ouest,Canada,1881,1881/01/01 00:00:00,1882-01-01T00:00:00.000
Disputed area,Zone disputée,Canada,1881,1881/01/01 00:00:00,1882-01-01T00:00:00.000
NorthWest Territories,Territoires du Nord-Ouest,Canada,1881,1881/01/01 00:00:00,1882-01-01T00:00:00.000
USA,,USA,1881,1881/01/01 00:00:00,1882-01-01T00:00:00.000
Russia,,Russia,1881,1881/01/01 00:00:00,1882-01-01T00:00:00.000
Greenland,,Denmark,1881,1881/01/01 00:00:00,1882-01-01T00:00:00.000
Iceland,,Denmark,1881,1881/01/01 00:00:00,1882-01-01T00:00:00.000
USA,,USA,1881,1881/01/01 00:00:00,1882-01-01T00:00:00.000
British Columbia,Colombie-Britannique,Canada,1882,1882/01/01 00:00:00,1886-01-01T00:00:00.000
District of Alberta,District d'Alberta,Canada,1882,1882/01/01 00:00:00,1886-01-01T00:00:00.000
District of Assiniboia,District d'Assiniboine,Canada,1882,1882/01/01 00:00:00,1886-01-01T00:00:00.000
District of Athabaska,District d'Athabaska,Canada,1882,1882/01/01 00:00:00,1886-01-01T00:00:00.000
District of Keewatin,District de Keewatin,Canada,1882,1882/01/01 00:00:00,1886-01-01T00:00:00.000
District of Saskatchewan,District de Saskatchewan,Canada,1882,1882/01/01 00:00:00,1886-01-01T00:00:00.000
PEI,île-du-Prince-Édouard,Canada,1882,1882/01/01 00:00:00,1886-01-01T00:00:00.000
Manitoba,Manitoba,Canada,1882,1882/01/01 00:00:00,1886-01-01T00:00:00.000
New Brunswick,Nouveau-Brunswick,Canada,1882,1882/01/01 00:00:00,1886-01-01T00:00:00.000
Nova Scotia,Nouvelle-Écosse,Canada,1882,1882/01/01 00:00:00,1886-01-01T00:00:00.000
Ontario,Ontario,Canada,1882,1882/01/01 00:00:00,1886-01-01T00:00:00.000
Quebec,Québec,Canada,1882,1882/01/01 00:00:00,1886-01-01T00:00:00.000
Newfoundland,Terre-Neuve,Canada,1882,1882/01/01 00:00:00,1886-01-01T00:00:00.000
NorthWest Territories,Territoires du Nord-Ouest,Canada,1882,1882/01/01 00:00:00,1886-01-01T00:00:00.000
Disputed area,Zone disputée,Canada,1882,1882/01/01 00:00:00,1886-01-01T00:00:00.000
North-West Territories,Territoires du Nord-Ouest,Canada,1882,1882/01/01 00:00:00,1886-01-01T00:00:00.000
USA,,USA,1882,1882/01/01 00:00:00,1886-01-01T00:00:00.000
Russia,,Russia,1882,1882/01/01 00:00:00,1886-01-01T00:00:00.000
Greenland,,Denmark,1882,1882/01/01 00:00:00,1886-01-01T00:00:00.000
Iceland,,Denmark,1882,1882/01/01 00:00:00,1886-01-01T00:00:00.000
USA,,USA,1882,1882/01/01 00:00:00,1886-01-01T00:00:00.000
British Columbia,Colombie-Britannique,Canada,1886,1886/01/01 00:00:00,1889-01-01T00:00:00.000
District of Alberta,District d'Alberta,Canada,1886,1886/01/01 00:00:00,1889-01-01T00:00:00.000
District of Assiniboia,District d'Assiniboine,Canada,1886,1886/01/01 00:00:00,1889-01-01T00:00:00.000
District of Athabaska,District d'Athabaska,Canada,1886,1886/01/01 00:00:00,1889-01-01T00:00:00.000
District of Keewatin,District de Keewatin,Canada,1886,1886/01/01 00:00:00,1889-01-01T00:00:00.000
PEI,île-du-Prince-Édouard,Canada,1886,1886/01/01 00:00:00,1889-01-01T00:00:00.000
Manitoba,Manitoba,Canada,1886,1886/01/01 00:00:00,1889-01-01T00:00:00.000
New Brunswick,Nouveau-Brunswick,Canada,1886,1886/01/01 00:00:00,1889-01-01T00:00:00.000
Nova Scotia,Nouvelle-Écosse,Canada,1886,1886/01/01 00:00:00,1889-01-01T00:00:00.000
Ontario,Ontario,Canada,1886,1886/01/01 00:00:00,1889-01-01T00:00:00.000
Quebec,Québec,Canada,1886,1886/01/01 00:00:00,1889-01-01T00:00:00.000
Newfoundland,Terre-Neuve,Canada,1886,1886/01/01 00:00:00,1889-01-01T00:00:00.000
NorthWest Territories,Territoires du Nord-Ouest,Canada,1886,1886/01/01 00:00:00,1889-01-01T00:00:00.000
Disputed area,Zone disputée,Canada,1886,1886/01/01 00:00:00,1889-01-01T00:00:00.000
North-West Territories,Territoires du Nord-Ouest,Canada,1886,1886/01/01 00:00:00,1889-01-01T00:00:00.000
USA,,USA,1886,1886/01/01 00:00:00,1889-01-01T00:00:00.000
Russia,,Russia,1886,1886/01/01 00:00:00,1889-01-01T00:00:00.000
Greenland,,Denmark,1886,1886/01/01 00:00:00,1889-01-01T00:00:00.000
Iceland,,Denmark,1886,1886/01/01 00:00:00,1889-01-01T00:00:00.000
USA,,USA,1886,1886/01/01 00:00:00,1889-01-01T00:00:00.000
District of Saskatchewan,District de Saskatchewan,Canada,1886,1886/01/01 00:00:00,1889-01-01T00:00:00.000
British Columbia,Colombie-Britannique,Canada,1889,1889/01/01 00:00:00,1895-01-01T00:00:00.000
District of Alberta,District d'Alberta,Canada,1889,1889/01/01 00:00:00,1895-01-01T00:00:00.000
District of Assiniboia,District d'Assiniboine,Canada,1889,1889/01/01 00:00:00,1895-01-01T00:00:00.000
District of Athabaska,District d'Athabaska,Canada,1889,1889/01/01 00:00:00,1895-01-01T00:00:00.000
District of Keewatin,District de Keewatin,Canada,1889,1889/01/01 00:00:00,1895-01-01T00:00:00.000
District of Saskatchewan,District de Saskatchewan,Canada,1889,1889/01/01 00:00:00,1895-01-01T00:00:00.000
PEI,île-du-Prince-Édouard,Canada,1889,1889/01/01 00:00:00,1895-01-01T00:00:00.000
Manitoba,Manitoba,Canada,1889,1889/01/01 00:00:00,1895-01-01T00:00:00.000
New Brunswick,Nouveau-Brunswick,Canada,1889,1889/01/01 00:00:00,1895-01-01T00:00:00.000
Nova Scotia,Nouvelle-Écosse,Canada,1889,1889/01/01 00:00:00,1895-01-01T00:00:00.000
Ontario,Ontario,Canada,1889,1889/01/01 00:00:00,1895-01-01T00:00:00.000
Quebec,Québec,Canada,1889,1889/01/01 00:00:00,1895-01-01T00:00:00.000
Newfoundland,Terre-Neuve,Canada,1889,1889/01/01 00:00:00,1895-01-01T00:00:00.000
NorthWest Territories,Territoires du Nord-Ouest,Canada,1889,1889/01/01 00:00:00,1895-01-01T00:00:00.000
North-West Territories,Territoires du Nord-Ouest,Canada,1889,1889/01/01 00:00:00,1895-01-01T00:00:00.000
USA,,USA,1889,1889/01/01 00:00:00,1895-01-01T00:00:00.000
Russia,,Russia,1889,1889/01/01 00:00:00,1895-01-01T00:00:00.000
Greenland,,Denmark,1889,1889/01/01 00:00:00,1895-01-01T00:00:00.000
Iceland,,Denmark,1889,1889/01/01 00:00:00,1895-01-01T00:00:00.000
USA,,USA,1889,1889/01/01 00:00:00,1895-01-01T00:00:00.000
British Columbia,Colombie-Britannique,Canada,1895,1895/01/01 00:00:00,1897-01-01T00:00:00.000
District of Alberta,District d'Alberta,Canada,1895,1895/01/01 00:00:00,1897-01-01T00:00:00.000
District of Assiniboia,District d'Assiniboine,Canada,1895,1895/01/01 00:00:00,1897-01-01T00:00:00.000
District of Athabaska,District d'Athabaska,Canada,1895,1895/01/01 00:00:00,1897-01-01T00:00:00.000
District of Ungava,District d'Ungava,Canada,1895,1895/01/01 00:00:00,1897-01-01T00:00:00.000
District of Franklin,District de Franklin,Canada,1895,1895/01/01 00:00:00,1897-01-01T00:00:00.000
District of Keewatin,District de Keewatin,Canada,1895,1895/01/01 00:00:00,1897-01-01T00:00:00.000
District of Mackenzie,District de Mackenzie,Canada,1895,1895/01/01 00:00:00,1897-01-01T00:00:00.000
District of Saskatchewan,District de Saskatchewan,Canada,1895,1895/01/01 00:00:00,1897-01-01T00:00:00.000
District of Yukon,District du Yukon,Canada,1895,1895/01/01 00:00:00,1897-01-01T00:00:00.000
PEI,île-du-Prince-Édouard,Canada,1895,1895/01/01 00:00:00,1897-01-01T00:00:00.000
Manitoba,Manitoba,Canada,1895,1895/01/01 00:00:00,1897-01-01T00:00:00.000
New Brunswick,Nouveau-Brunswick,Canada,1895,1895/01/01 00:00:00,1897-01-01T00:00:00.000
Nova Scotia,Nouvelle-Écosse,Canada,1895,1895/01/01 00:00:00,1897-01-01T00:00:00.000
Ontario,Ontario,Canada,1895,1895/01/01 00:00:00,1897-01-01T00:00:00.000
Quebec,Québec,Canada,1895,1895/01/01 00:00:00,1897-01-01T00:00:00.000
Newfoundland,Terre-Neuve,Canada,1895,1895/01/01 00:00:00,1897-01-01T00:00:00.000
North-West Territories,Territoires du Nord-Ouest,Canada,1895,1895/01/01 00:00:00,1897-01-01T00:00:00.000
USA,,USA,1895,1895/01/01 00:00:00,1897-01-01T00:00:00.000
Russia,,Russia,1895,1895/01/01 00:00:00,1897-01-01T00:00:00.000
Greenland,,Denmark,1895,1895/01/01 00:00:00,1897-01-01T00:00:00.000
Iceland,,Denmark,1895,1895/01/01 00:00:00,1897-01-01T00:00:00.000
USA,,USA,1895,1895/01/01 00:00:00,1897-01-01T00:00:00.000
British Columbia,Colombie-Britannique,Canada,1897,1897/01/01 00:00:00,1898-01-01T00:00:00.000
District of Alberta,District d'Alberta,Canada,1897,1897/01/01 00:00:00,1898-01-01T00:00:00.000
District of Assiniboia,District d'Assiniboine,Canada,1897,1897/01/01 00:00:00,1898-01-01T00:00:00.000
District of Athabaska,District d'Athabaska,Canada,1897,1897/01/01 00:00:00,1898-01-01T00:00:00.000
District of Ungava,District d'Ungava,Canada,1897,1897/01/01 00:00:00,1898-01-01T00:00:00.000
District of Franklin,District de Franklin,Canada,1897,1897/01/01 00:00:00,1898-01-01T00:00:00.000
District of Keewatin,District de Keewatin,Canada,1897,1897/01/01 00:00:00,1898-01-01T00:00:00.000
District of Mackenzie,District de Mackenzie,Canada,1897,1897/01/01 00:00:00,1898-01-01T00:00:00.000
District of Saskatchewan,District de Saskatchewan,Canada,1897,1897/01/01 00:00:00,1898-01-01T00:00:00.000
District of Yukon,District du Yukon,Canada,1897,1897/01/01 00:00:00,1898-01-01T00:00:00.000
PEI,île-du-Prince-Édouard,Canada,1897,1897/01/01 00:00:00,1898-01-01T00:00:00.000
Manitoba,Manitoba,Canada,1897,1897/01/01 00:00:00,1898-01-01T00:00:00.000
New Brunswick,Nouveau-Brunswick,Canada,1897,1897/01/01 00:00:00,1898-01-01T00:00:00.000
Nova Scotia,Nouvelle-Écosse,Canada,1897,1897/01/01 00:00:00,1898-01-01T00:00:00.000
Ontario,Ontario,Canada,1897,1897/01/01 00:00:00,1898-01-01T00:00:00.000
Quebec,Québec,Canada,1897,1897/01/01 00:00:00,1898-01-01T00:00:00.000
Newfoundland,Terre-Neuve,Canada,1897,1897/01/01 00:00:00,1898-01-01T00:00:00.000
North-West Territories,Territoires du Nord-Ouest,Canada,1897,1897/01/01 00:00:00,1898-01-01T00:00:00.000
USA,,USA,1897,1897/01/01 00:00:00,1898-01-01T00:00:00.000
Russia,,Russia,1897,1897/01/01 00:00:00,1898-01-01T00:00:00.000
Greenland,,Denmark,1897,1897/01/01 00:00:00,1898-01-01T00:00:00.000
Iceland,,Denmark,1897,1897/01/01 00:00:00,1898-01-01T00:00:00.000
USA,,USA,1897,1897/01/01 00:00:00,1898-01-01T00:00:00.000
British Columbia,Colombie-Britannique,Canada,1898,1898/01/01 00:00:00,1901-01-01T00:00:00.000
District of Alberta,District d'Alberta,Canada,1898,1898/01/01 00:00:00,1901-01-01T00:00:00.000
District of Assiniboia,District d'Assiniboine,Canada,1898,1898/01/01 00:00:00,1901-01-01T00:00:00.000
District of Athabaska,District d'Athabaska,Canada,1898,1898/01/01 00:00:00,1901-01-01T00:00:00.000
District of Ungava,District d'Ungava,Canada,1898,1898/01/01 00:00:00,1901-01-01T00:00:00.000
District of Franklin,District de Franklin,Canada,1898,1898/01/01 00:00:00,1901-01-01T00:00:00.000
District of Keewatin,District de Keewatin,Canada,1898,1898/01/01 00:00:00,1901-01-01T00:00:00.000
District of Mackenzie,District de Mackenzie,Canada,1898,1898/01/01 00:00:00,1901-01-01T00:00:00.000
District of Saskatchewan,District de Saskatchewan,Canada,1898,1898/01/01 00:00:00,1901-01-01T00:00:00.000
PEI,île-du-Prince-Édouard,Canada,1898,1898/01/01 00:00:00,1901-01-01T00:00:00.000
Manitoba,Manitoba,Canada,1898,1898/01/01 00:00:00,1901-01-01T00:00:00.000
New Brunswick,Nouveau-Brunswick,Canada,1898,1898/01/01 00:00:00,1901-01-01T00:00:00.000
Nova Scotia,Nouvelle-Écosse,Canada,1898,1898/01/01 00:00:00,1901-01-01T00:00:00.000
Ontario,Ontario,Canada,1898,1898/01/01 00:00:00,1901-01-01T00:00:00.000
Quebec,Québec,Canada,1898,1898/01/01 00:00:00,1901-01-01T00:00:00.000
Newfoundland,Terre-Neuve,Canada,1898,1898/01/01 00:00:00,1901-01-01T00:00:00.000
Yukon Territory,Territoire du Yukon,Canada,1898,1898/01/01 00:00:00,1901-01-01T00:00:00.000
North-West Territories,District de Mackenzie,Canada,1898,1898/01/01 00:00:00,1901-01-01T00:00:00.000
USA,,USA,1898,1898/01/01 00:00:00,1901-01-01T00:00:00.000
Russia,,Russia,1898,1898/01/01 00:00:00,1901-01-01T00:00:00.000
Greenland,,Denmark,1898,1898/01/01 00:00:00,1901-01-01T00:00:00.000
Iceland,,Denmark,1898,1898/01/01 00:00:00,1901-01-01T00:00:00.000
USA,,USA,1898,1898/01/01 00:00:00,1901-01-01T00:00:00.000
British Columbia,Colombie-Britannique,Canada,1901,1901/01/01 00:00:00,1905-01-01T00:00:00.000
District of Alberta,District d'Alberta,Canada,1901,1901/01/01 00:00:00,1905-01-01T00:00:00.000
District of Assiniboia,District d'Assiniboine,Canada,1901,1901/01/01 00:00:00,1905-01-01T00:00:00.000
District of Athabaska,District d'Athabaska,Canada,1901,1901/01/01 00:00:00,1905-01-01T00:00:00.000
District of Ungava,District d'Ungava,Canada,1901,1901/01/01 00:00:00,1905-01-01T00:00:00.000
District of Franklin,District de Franklin,Canada,1901,1901/01/01 00:00:00,1905-01-01T00:00:00.000
District of Keewatin,District de Keewatin,Canada,1901,1901/01/01 00:00:00,1905-01-01T00:00:00.000
District of Mackenzie,District de Mackenzie,Canada,1901,1901/01/01 00:00:00,1905-01-01T00:00:00.000
District of Saskatchewan,District de Saskatchewan,Canada,1901,1901/01/01 00:00:00,1905-01-01T00:00:00.000
PEI,île-du-Prince-Édouard,Canada,1901,1901/01/01 00:00:00,1905-01-01T00:00:00.000
Manitoba,Manitoba,Canada,1901,1901/01/01 00:00:00,1905-01-01T00:00:00.000
New Brunswick,Nouveau-Brunswick,Canada,1901,1901/01/01 00:00:00,1905-01-01T00:00:00.000
Nova Scotia,Nouvelle-Écosse,Canada,1901,1901/01/01 00:00:00,1905-01-01T00:00:00.000
Ontario,Ontario,Canada,1901,1901/01/01 00:00:00,1905-01-01T00:00:00.000
Quebec,Québec,Canada,1901,1901/01/01 00:00:00,1905-01-01T00:00:00.000
Newfoundland,Terre-Neuve,Canada,1901,1901/01/01 00:00:00,1905-01-01T00:00:00.000
Yukon Territory,Territoire du Yukon,Canada,1901,1901/01/01 00:00:00,1905-01-01T00:00:00.000
North-West Territories,District de Mackenzie,Canada,1901,1901/01/01 00:00:00,1905-01-01T00:00:00.000
Russia,,Russia,1901,1901/01/01 00:00:00,1905-01-01T00:00:00.000
USA,,USA,1901,1901/01/01 00:00:00,1905-01-01T00:00:00.000
Greenland,,Denmark,1901,1901/01/01 00:00:00,1905-01-01T00:00:00.000
Iceland,,Denmark,1901,1901/01/01 00:00:00,1905-01-01T00:00:00.000
USA,,USA,1901,1901/01/01 00:00:00,1905-01-01T00:00:00.000
Alberta,Alberta,Canada,1905,1905/01/01 00:00:00,1912-01-01T00:00:00.000
British Columbia,Colombie-Britannique,Canada,1905,1905/01/01 00:00:00,1912-01-01T00:00:00.000
District of Ungava,District d'Ungava,Canada,1905,1905/01/01 00:00:00,1912-01-01T00:00:00.000
District of Franklin,District de Franklin,Canada,1905,1905/01/01 00:00:00,1912-01-01T00:00:00.000
District of Keewatin,District de Keewatin,Canada,1905,1905/01/01 00:00:00,1912-01-01T00:00:00.000
District of Mackenzie,District de Mackenzie,Canada,1905,1905/01/01 00:00:00,1912-01-01T00:00:00.000
PEI,île-du-Prince-Édouard,Canada,1905,1905/01/01 00:00:00,1912-01-01T00:00:00.000
Manitoba,Manitoba,Canada,1905,1905/01/01 00:00:00,1912-01-01T00:00:00.000
New Brunswick,Nouveau-Brunswick,Canada,1905,1905/01/01 00:00:00,1912-01-01T00:00:00.000
Nova Scotia,Nouvelle-Écosse,Canada,1905,1905/01/01 00:00:00,1912-01-01T00:00:00.000
Ontario,Ontario,Canada,1905,1905/01/01 00:00:00,1912-01-01T00:00:00.000
Quebec,Québec,Canada,1905,1905/01/01 00:00:00,1912-01-01T00:00:00.000
Saskatchewan,Saskatchewan,Canada,1905,1905/01/01 00:00:00,1912-01-01T00:00:00.000
Newfoundland,Terre-Neuve,Canada,1905,1905/01/01 00:00:00,1912-01-01T00:00:00.000
Yukon Territory,Territoire du Yukon,Canada,1905,1905/01/01 00:00:00,1912-01-01T00:00:00.000
North-West Territories,,Canada,1905,1905/01/01 00:00:00,1912-01-01T00:00:00.000
Russia,,Russia,1905,1905/01/01 00:00:00,1912-01-01T00:00:00.000
USA,,USA,1905,1905/01/01 00:00:00,1912-01-01T00:00:00.000
Greenland,,Denmark,1905,1905/01/01 00:00:00,1912-01-01T00:00:00.000
Iceland,,Denmark,1905,1905/01/01 00:00:00,1912-01-01T00:00:00.000
USA,,USA,1905,1905/01/01 00:00:00,1912-01-01T00:00:00.000
Alberta,Alberta,Canada,1912,1912/01/01 00:00:00,1920-01-01T00:00:00.000
British Columbia,Colombie-Britannique,Canada,1912,1912/01/01 00:00:00,1920-01-01T00:00:00.000
District of Franklin,District de Franklin,Canada,1912,1912/01/01 00:00:00,1920-01-01T00:00:00.000
District of Keewatin,District de Keewatin,Canada,1912,1912/01/01 00:00:00,1920-01-01T00:00:00.000
District of Mackenzie,District de Mackenzie,Canada,1912,1912/01/01 00:00:00,1920-01-01T00:00:00.000
PEI,île-du-Prince-Édouard,Canada,1912,1912/01/01 00:00:00,1920-01-01T00:00:00.000
Manitoba,Manitoba,Canada,1912,1912/01/01 00:00:00,1920-01-01T00:00:00.000
New Brunswick,Nouveau-Brunswick,Canada,1912,1912/01/01 00:00:00,1920-01-01T00:00:00.000
Nova Scotia,Nouvelle-Écosse,Canada,1912,1912/01/01 00:00:00,1920-01-01T00:00:00.000
Ontario,Ontario,Canada,1912,1912/01/01 00:00:00,1920-01-01T00:00:00.000
Quebec,Québec,Canada,1912,1912/01/01 00:00:00,1920-01-01T00:00:00.000
Saskatchewan,Saskatchewan,Canada,1912,1912/01/01 00:00:00,1920-01-01T00:00:00.000
Newfoundland,Terre-Neuve,Canada,1912,1912/01/01 00:00:00,1920-01-01T00:00:00.000
Yukon Territory,Territoire du Yukon,Canada,1912,1912/01/01 00:00:00,1920-01-01T00:00:00.000
Northwest Territories,,Canada,1912,1912/01/01 00:00:00,1920-01-01T00:00:00.000
Russia,,Russia,1912,1912/01/01 00:00:00,1920-01-01T00:00:00.000
USA,,USA,1912,1912/01/01 00:00:00,1920-01-01T00:00:00.000
Greenland,,Denmark,1912,1912/01/01 00:00:00,1920-01-01T00:00:00.000
Iceland,,Denmark,1912,1912/01/01 00:00:00,1920-01-01T00:00:00.000
USA,,USA,1912,1912/01/01 00:00:00,1920-01-01T00:00:00.000
Alberta,Alberta,Canada,1920,1920/01/01 00:00:00,1927-01-01T00:00:00.000
British Columbia,Colombie-Britannique,Canada,1920,1920/01/01 00:00:00,1927-01-01T00:00:00.000
District of Franklin,District de Franklin,Canada,1920,1920/01/01 00:00:00,1927-01-01T00:00:00.000
District of Keewatin,District de Keewatin,Canada,1920,1920/01/01 00:00:00,1927-01-01T00:00:00.000
District of Mackenzie,District de Mackenzie,Canada,1920,1920/01/01 00:00:00,1927-01-01T00:00:00.000
PEI,île-du-Prince-Édouard,Canada,1920,1920/01/01 00:00:00,1927-01-01T00:00:00.000
Manitoba,Manitoba,Canada,1920,1920/01/01 00:00:00,1927-01-01T00:00:00.000
New Brunswick,Nouveau-Brunswick,Canada,1920,1920/01/01 00:00:00,1927-01-01T00:00:00.000
Nova Scotia,Nouvelle-Écosse,Canada,1920,1920/01/01 00:00:00,1927-01-01T00:00:00.000
Ontario,Ontario,Canada,1920,1920/01/01 00:00:00,1927-01-01T00:00:00.000
Quebec,Québec,Canada,1920,1920/01/01 00:00:00,1927-01-01T00:00:00.000
Saskatchewan,Saskatchewan,Canada,1920,1920/01/01 00:00:00,1927-01-01T00:00:00.000
Newfoundland,Terre-Neuve,Canada,1920,1920/01/01 00:00:00,1927-01-01T00:00:00.000
Yukon Territory,Territoire du Yukon,Canada,1920,1920/01/01 00:00:00,1927-01-01T00:00:00.000
Northwest Territories,,Canada,1920,1920/01/01 00:00:00,1927-01-01T00:00:00.000
Russia,,Russia,1920,1920/01/01 00:00:00,1927-01-01T00:00:00.000
USA,,USA,1920,1920/01/01 00:00:00,1927-01-01T00:00:00.000
Greenland,,Denmark,1920,1920/01/01 00:00:00,1927-01-01T00:00:00.000
Iceland,,Denmark,1920,1920/01/01 00:00:00,1927-01-01T00:00:00.000
USA,,USA,1920,1920/01/01 00:00:00,1927-01-01T00:00:00.000
Alberta,Alberta,Canada,1927,1927/01/01 00:00:00,1999-01-01T00:00:00.000
British Columbia,Colombie-Britannique,Canada,1927,1927/01/01 00:00:00,1999-01-01T00:00:00.000
District of Franklin,District de Franklin,Canada,1927,1927/01/01 00:00:00,1999-01-01T00:00:00.000
District of Keewatin,District de Keewatin,Canada,1927,1927/01/01 00:00:00,1999-01-01T00:00:00.000
District of Mackenzie,District de Mackenzie,Canada,1927,1927/01/01 00:00:00,1999-01-01T00:00:00.000
PEI,île-du-Prince-Édouard,Canada,1927,1927/01/01 00:00:00,1999-01-01T00:00:00.000
Manitoba,Manitoba,Canada,1927,1927/01/01 00:00:00,1999-01-01T00:00:00.000
New Brunswick,Nouveau-Brunswick,Canada,1927,1927/01/01 00:00:00,1999-01-01T00:00:00.000
Nova Scotia,Nouvelle-Écosse,Canada,1927,1927/01/01 00:00:00,1999-01-01T00:00:00.000
Ontario,Ontario,Canada,1927,1927/01/01 00:00:00,1999-01-01T00:00:00.000
Quebec,Québec,Canada,1927,1927/01/01 00:00:00,1999-01-01T00:00:00.000
Saskatchewan,Saskatchewan,Canada,1927,1927/01/01 00:00:00,1999-01-01T00:00:00.000
Newfoundland,Terre-Neuve,Canada,1927,1927/01/01 00:00:00,1999-01-01T00:00:00.000
Yukon Territory,Territoire du Yukon,Canada,1927,1927/01/01 00:00:00,1999-01-01T00:00:00.000
Northwest Territories,,Canada,1927,1927/01/01 00:00:00,1999-01-01T00:00:00.000
Russia,,Russia,1927,1927/01/01 00:00:00,1999-01-01T00:00:00.000
USA,,USA,1927,1927/01/01 00:00:00,1999-01-01T00:00:00.000
Greenland,,Denmark,1927,1927/01/01 00:00:00,1999-01-01T00:00:00.000
Iceland,,Denmark,1927,1927/01/01 00:00:00,1999-01-01T00:00:00.000
USA,,USA,1927,1927/01/01 00:00:00,1999-01-01T00:00:00.000
Alberta,Alberta,Canada,1999,1999/01/01 00:00:00,2001-01-01T00:00:00.000
British Columbia,Colombie-Britannique,Canada,1999,1999/01/01 00:00:00,2001-01-01T00:00:00.000
PEI,île-du-Prince-Édouard,Canada,1999,1999/01/01 00:00:00,2001-01-01T00:00:00.000
Manitoba,Manitoba,Canada,1999,1999/01/01 00:00:00,2001-01-01T00:00:00.000
New Brunswick,Nouveau-Brunswick,Canada,1999,1999/01/01 00:00:00,2001-01-01T00:00:00.000
Nova Scotia,Nouvelle-Écosse,Canada,1999,1999/01/01 00:00:00,2001-01-01T00:00:00.000
Nunavut,Nunavut,Canada,1999,1999/01/01 00:00:00,2001-01-01T00:00:00.000
Ontario,Ontario,Canada,1999,1999/01/01 00:00:00,2001-01-01T00:00:00.000
Quebec,Québec,Canada,1999,1999/01/01 00:00:00,2001-01-01T00:00:00.000
Saskatchewan,Saskatchewan,Canada,1999,1999/01/01 00:00:00,2001-01-01T00:00:00.000
Newfoundland,Terre-Neuve,Canada,1999,1999/01/01 00:00:00,2001-01-01T00:00:00.000
Yukon Territory,Territoire du Yukon,Canada,1999,1999/01/01 00:00:00,2001-01-01T00:00:00.000
Northwest Territories,Territoires du Nord-Ouest,Canada,1999,1999/01/01 00:00:00,2001-01-01T00:00:00.000
Russia,,Russia,1999,1999/01/01 00:00:00,2001-01-01T00:00:00.000
USA,,USA,1999,1999/01/01 00:00:00,2001-01-01T00:00:00.000
Greenland,,Denmark,1999,1999/01/01 00:00:00,2001-01-01T00:00:00.000
Iceland,,Denmark,1999,1999/01/01 00:00:00,2001-01-01T00:00:00.000
USA,,USA,1999,1999/01/01 00:00:00,2001-01-01T00:00:00.000
Alberta,Alberta,Canada,2001,2001/01/01 00:00:00,2025-01-01T00:00:00.000
British Columbia,Colombie-Britannique,Canada,2001,2001/01/01 00:00:00,2025-01-01T00:00:00.000
PEI,île-du-Prince-Édouard,Canada,2001,2001/01/01 00:00:00,2025-01-01T00:00:00.000
Manitoba,Manitoba,Canada,2001,2001/01/01 00:00:00,2025-01-01T00:00:00.000
New Brunswick,Nouveau-Brunswick,Canada,2001,2001/01/01 00:00:00,2025-01-01T00:00:00.000
Nova Scotia,Nouvelle-Écosse,Canada,2001,2001/01/01 00:00:00,2025-01-01T00:00:00.000
Nunavut,Nunavut,Canada,2001,2001/01/01 00:00:00,2025-01-01T00:00:00.000
Ontario,Ontario,Canada,2001,2001/01/01 00:00:00,2025-01-01T00:00:00.000
Quebec,Québec,Canada,2001,2001/01/01 00:00:00,2025-01-01T00:00:00.000
Saskatchewan,Saskatchewan,Canada,2001,2001/01/01 00:00:00,2025-01-01T00:00:00.000
Newfoundland and Labrador,Terre-Neuve,Canada,2001,2001/01/01 00:00:00,2025-01-01T00:00:00.000
Yukon Territory,Territoire du Yukon,Canada,2001,2001/01/01 00:00:00,2025-01-01T00:00:00.000
Northwest Territories,Territoires du Nord-Ouest,Canada,2001,2001/01/01 00:00:00,2025-01-01T00:00:00.000
Russia,,Russia,2001,2001/01/01 00:00:00,2025-01-01T00:00:00.000
USA,,USA,2001,2001/01/01 00:00:00,2025-01-01T00:00:00.000
Greenland,,Denmark,2001,2001/01/01 00:00:00,2025-01-01T00:00:00.000
Iceland,,Denmark,2001,2001/01/01 00:00:00,2025-01-01T00:00:00.000
USA,,USA,2001,2001/01/01 00:00:00,2025-01-01T00:00:00.000
